Workbook

Sheet Summary Dashboard
B2: LGB COBOT-MACHINE TENDING AUTOMATION
B3: Installation & Commissioning Tracker
B5: PROJECT INFORMATION | G5: PROJECT STATUS AT A GLANCE
B6: Customer (End User) | C6: DIAMLER | G6: Overall Planned Duration (Days) | I6: =('Installation Gantt'!$H$24-'Installation Gantt'!$G$5+1) -> 24
B7: Vendor / System Integrator | C7: Multivista Global Pvt Ltd | G7: Days Elapsed Since Install Start | I7: =MAX(0,TODAY()-'Installation Gantt'!$G$7) -> 5
B8: Project | C8: Cobot-Based Sprocket Pick & Place Automation | G8: Overall % Complete (weighted) | I8: =IFERROR(SUMPRODUCT('Installation Gantt'!$I$5:$I$24,'Installation Gantt'!$M$5:$M$24)/SUM('Installation Gantt'!$I$5:$I$24),0) -> 0.15
B9: Site Location | C9: P.Palayam, Coimbatore | G9: Schedule Slippage (Days) | I9: =MAX(0,TODAY()-'Installation Gantt'!$H$24) -> 0
B10: Material Received at Site (Planned) | C10: 46261 | G10: Tasks Closed / Total | I10: =COUNTIF('Installation Gantt'!$N$5:$N$24,"Closed")&" / "&COUNT('Installation Gantt'!$A$5:$A$24) -> 3 / 20
B11: Installation Start Date | C11: 46267 | G11: Open Punch List Items | I11: =COUNTIF('Punch List'!$H$5:$H$200,"Open")+COUNTIF('Punch List'!$H$5:$H$200,"WIP") -> 0
B12: Planned SAT & Handover Date | C12: 46264
B13: Report / Update Date | C13: =TODAY() -> 46272
B16: PHASE-WISE PROGRESS SUMMARY (auto-computed from 'Installation Gantt')
B17: Phase | C17: Planned Start | D17: Planned End | E17: Planned Duration (d) | F17: Tasks Closed/Total | G17: Avg % Complete | H17: Phase Status | I17: RAG
B18: Material Receipt & Inspection | C18: =_xlfn.MINIFS('Installation Gantt'!$G$5:$G$24,'Installation Gantt'!$C$5:$C$24,$B18) -> 46261 | D18: =_xlfn.MAXIFS('Installation Gantt'!$H$5:$H$24,'Installation Gantt'!$C$5:$C$24,$B18) -> 46261 | E18: 1 | F18: =COUNTIFS('Installation Gantt'!$C$5:$C$24,$B18,'Installation Gantt'!$N$5:$N$24,"Closed")&" / "&COUNTIFS('Installation Gantt'!$C$5:$C$24,$B18) -> 2 / 2 | G18: =IFERROR(AVERAGEIFS('Installation Gantt'!$M$5:$M$24,'Installation Gantt'!$C$5:$C$24,$B18),0) -> 1 | H18: =IF(COUNTIFS('Installation Gantt'!$C$5:$C$24,$B18,'Installation Gantt'!$N$5:$N$24,"Closed")=COUNTIFS('Installation Gantt'!$C$5:$C$24,$B18),"Completed",IF(COUNTIFS('Installation Gantt'!$C$5:$C$24,$B18,'Installation Gantt'!$N$5:$N$24,"Not Started")=COUNTIFS('Installation Gantt'!$C$5:$C$24,$B18),"Not Started","In Progress")) -> Completed | I18: =IF($H18="Completed","GREEN",IF(AND($D18<TODAY(),$H18<>"Completed"),"RED","AMBER")) -> GREEN
B19: Mechanical & Robot Installation | C19: =_xlfn.MINIFS('Installation Gantt'!$G$5:$G$24,'Installation Gantt'!$C$5:$C$24,$B19) -> 46267 | D19: =_xlfn.MAXIFS('Installation Gantt'!$H$5:$H$24,'Installation Gantt'!$C$5:$C$24,$B19) -> 46272 | E19: =SUMIFS('Installation Gantt'!$I$5:$I$24,'Installation Gantt'!$C$5:$C$24,$B19) -> 6 | F19: =COUNTIFS('Installation Gantt'!$C$5:$C$24,$B19,'Installation Gantt'!$N$5:$N$24,"Closed")&" / "&COUNTIFS('Installation Gantt'!$C$5:$C$24,$B19) -> 1 / 6 | G19: =IFERROR(AVERAGEIFS('Installation Gantt'!$M$5:$M$24,'Installation Gantt'!$C$5:$C$24,$B19),0) -> 1 | H19: =IF(COUNTIFS('Installation Gantt'!$C$5:$C$24,$B19,'Installation Gantt'!$N$5:$N$24,"Closed")=COUNTIFS('Installation Gantt'!$C$5:$C$24,$B19),"Completed",IF(COUNTIFS('Installation Gantt'!$C$5:$C$24,$B19,'Installation Gantt'!$N$5:$N$24,"Not Started")=COUNTIFS('Installation Gantt'!$C$5:$C$24,$B19),"Not Started","In Progress")) -> In Progress | I19: =IF($H19="Completed","GREEN",IF(AND($D19<TODAY(),$H19<>"Completed"),"RED","AMBER")) -> AMBER
B20: Electrical & Panel Works | C20: =_xlfn.MINIFS('Installation Gantt'!$G$5:$G$24,'Installation Gantt'!$C$5:$C$24,$B20) -> 46273 | D20: =_xlfn.MAXIFS('Installation Gantt'!$H$5:$H$24,'Installation Gantt'!$C$5:$C$24,$B20) -> 46274 | E20: =SUMIFS('Installation Gantt'!$I$5:$I$24,'Installation Gantt'!$C$5:$C$24,$B20) -> 2 | F20: =COUNTIFS('Installation Gantt'!$C$5:$C$24,$B20,'Installation Gantt'!$N$5:$N$24,"Closed")&" / "&COUNTIFS('Installation Gantt'!$C$5:$C$24,$B20) -> 0 / 2 | G20: =IFERROR(AVERAGEIFS('Installation Gantt'!$M$5:$M$24,'Installation Gantt'!$C$5:$C$24,$B20),0) -> 0 | H20: =IF(COUNTIFS('Installation Gantt'!$C$5:$C$24,$B20,'Installation Gantt'!$N$5:$N$24,"Closed")=COUNTIFS('Installation Gantt'!$C$5:$C$24,$B20),"Completed",IF(COUNTIFS('Installation Gantt'!$C$5:$C$24,$B20,'Installation Gantt'!$N$5:$N$24,"Not Started")=COUNTIFS('Installation Gantt'!$C$5:$C$24,$B20),"Not Started","In Progress")) -> In Progress | I20: =IF($H20="Completed","GREEN",IF(AND($D20<TODAY(),$H20<>"Completed"),"RED","AMBER")) -> AMBER
B21: Automation, Programming & Calibration | C21: =_xlfn.MINIFS('Installation Gantt'!$G$5:$G$24,'Installation Gantt'!$C$5:$C$24,$B21) -> 46275 | D21: =_xlfn.MAXIFS('Installation Gantt'!$H$5:$H$24,'Installation Gantt'!$C$5:$C$24,$B21) -> 46278 | E21: =SUMIFS('Installation Gantt'!$I$5:$I$24,'Installation Gantt'!$C$5:$C$24,$B21) -> 4 | F21: =COUNTIFS('Installation Gantt'!$C$5:$C$24,$B21,'Installation Gantt'!$N$5:$N$24,"Closed")&" / "&COUNTIFS('Installation Gantt'!$C$5:$C$24,$B21) -> 0 / 4 | G21: =IFERROR(AVERAGEIFS('Installation Gantt'!$M$5:$M$24,'Installation Gantt'!$C$5:$C$24,$B21),0) -> 0 | H21: =IF(COUNTIFS('Installation Gantt'!$C$5:$C$24,$B21,'Installation Gantt'!$N$5:$N$24,"Closed")=COUNTIFS('Installation Gantt'!$C$5:$C$24,$B21),"Completed",IF(COUNTIFS('Installation Gantt'!$C$5:$C$24,$B21,'Installation Gantt'!$N$5:$N$24,"Not Started")=COUNTIFS('Installation Gantt'!$C$5:$C$24,$B21),"Not Started","In Progress")) -> Not Started | I21: =IF($H21="Completed","GREEN",IF(AND($D21<TODAY(),$H21<>"Completed"),"RED","AMBER")) -> AMBER
B22: Trials & Validation | C22: =_xlfn.MINIFS('Installation Gantt'!$G$5:$G$24,'Installation Gantt'!$C$5:$C$24,$B22) -> 46279 | D22: =_xlfn.MAXIFS('Installation Gantt'!$H$5:$H$24,'Installation Gantt'!$C$5:$C$24,$B22) -> 46282 | E22: =SUMIFS('Installation Gantt'!$I$5:$I$24,'Installation Gantt'!$C$5:$C$24,$B22) -> 4 | F22: =COUNTIFS('Installation Gantt'!$C$5:$C$24,$B22,'Installation Gantt'!$N$5:$N$24,"Closed")&" / "&COUNTIFS('Installation Gantt'!$C$5:$C$24,$B22) -> 0 / 4 | G22: =IFERROR(AVERAGEIFS('Installation Gantt'!$M$5:$M$24,'Installation Gantt'!$C$5:$C$24,$B22),0) -> 0 | H22: =IF(COUNTIFS('Installation Gantt'!$C$5:$C$24,$B22,'Installation Gantt'!$N$5:$N$24,"Closed")=COUNTIFS('Installation Gantt'!$C$5:$C$24,$B22),"Completed",IF(COUNTIFS('Installation Gantt'!$C$5:$C$24,$B22,'Installation Gantt'!$N$5:$N$24,"Not Started")=COUNTIFS('Installation Gantt'!$C$5:$C$24,$B22),"Not Started","In Progress")) -> Not Started | I22: =IF($H22="Completed","GREEN",IF(AND($D22<TODAY(),$H22<>"Completed"),"RED","AMBER")) -> AMBER
B23: Training & Handover | C23: =_xlfn.MINIFS('Installation Gantt'!$G$5:$G$24,'Installation Gantt'!$C$5:$C$24,$B23) -> 46283 | D23: =_xlfn.MAXIFS('Installation Gantt'!$H$5:$H$24,'Installation Gantt'!$C$5:$C$24,$B23) -> 46284 | E23: =SUMIFS('Installation Gantt'!$I$5:$I$24,'Installation Gantt'!$C$5:$C$24,$B23) -> 2 | F23: =COUNTIFS('Installation Gantt'!$C$5:$C$24,$B23,'Installation Gantt'!$N$5:$N$24,"Closed")&" / "&COUNTIFS('Installation Gantt'!$C$5:$C$24,$B23) -> 0 / 2 | G23: =IFERROR(AVERAGEIFS('Installation Gantt'!$M$5:$M$24,'Installation Gantt'!$C$5:$C$24,$B23),0) -> 0 | H23: =IF(COUNTIFS('Installation Gantt'!$C$5:$C$24,$B23,'Installation Gantt'!$N$5:$N$24,"Closed")=COUNTIFS('Installation Gantt'!$C$5:$C$24,$B23),"Completed",IF(COUNTIFS('Installation Gantt'!$C$5:$C$24,$B23,'Installation Gantt'!$N$5:$N$24,"Not Started")=COUNTIFS('Installation Gantt'!$C$5:$C$24,$B23),"Not Started","In Progress")) -> Not Started | I23: =IF($H23="Completed","GREEN",IF(AND($D23<TODAY(),$H23<>"Completed"),"RED","AMBER")) -> AMBER
B25: Notes: GREEN = phase fully closed. AMBER = in progress, on track. RED = at least one open task past its planned end date (overdue). Update 'Actual Start/End', '% Complete' and 'Status' in the Installation Gantt sheet daily; this dashboard recalculates automatically.

Sheet Installation Gantt
A2: INSTALLATION & COMMISSIONING SCHEDULE – GANTT CHART (Material Receipt to SAT & Handover)
A3: Site: P.Palayam. Coimbatore | Vendor: RNT Automation | Last Updated: (see Report Date on Dashboard)
A4: S.No | B4: Task ID | C4: Phase | D4: Activity | E4: Responsibility | F4: Pred. | G4: Planned Start | H4: Planned End | I4: Plan Dur(d) | J4: Actual Start | K4: Actual End | L4: Act Dur(d) | M4: % Complete | N4: Status | O4: Delay (Days) | P4: Remarks | Q4: 46261 | R4: 46267 | S4: 46268 | T4: 46269 | U4: 46270 | V4: 46271 | W4: 46272 | X4: 46273 | Y4: 46274 | Z4: 46275 | AA4: 46276 | AB4: 46277 | AC4: 46278 | AD4: 46279 | AE4: 46280 | AF4: 46281 | AG4: 46282 | AH4: 46283 | AI4: 46284 | AJ4: 46285 | AK4: 46286 | AL4: 46287 | AM4: 46288 | AN4: 46289 | AO4: 46290 | AP4: 46291 | AQ4: 46292 | AR4: 46293 | AS4: 46294 | AT4: 46295 | AU4: 46296 | AV4: 46297 | AW4: 46298 | AX4: 46299 | AY4: 46300 | AZ4: 46301 | BA4: 46302 | BB4: 46303 | BC4: 46304 | BD4: 46305 | BE4: 46306 | BF4: 46307 | BG4: 46308 | BH4: 46309 | BI4: 46310 | BJ4: 46311 | BK4: 46312 | BL4: 46313 | BM4: 46314 | BN4: 46315 | BO4: 46316 | BP4: 46317 | BQ4: 46318 | BR4: 46319 | BS4: 46320 | BT4: 46321 | BU4: 46322 | BV4: 46323 | BW4: 46324 | BX4: 46325 | BY4: 46326 | BZ4: 46327 | CA4: 46328 | CB4: 46329 | CC4: 46330 | CD4: 46331 | CE4: 46332 | CF4: 46333 | CG4: 46334 | CH4: 46335 | CI4: 46336
A5: 1 | B5: I1 | C5: Material Receipt & Inspection | D5: Material Receipt at Customer Site | E5: MULTIVISTA | F5: - | G5: 46261 | H5: 46261 | I5: =$H5-$G5+1 -> 1 | J5: 46261 | K5: 46261 | L5: =IF(AND($J5<>"",$K5<>""),$K5-$J5+1,"") -> 1 | M5: 1 | N5: Closed | O5: =IF($N5="Closed",IF($K5>$H5,$K5-$H5,0),IF(TODAY()>$H5,TODAY()-$H5,0)) -> 0 | P5: Verify delivered materials
A6: 2 | B6: I2 | C6: Material Receipt & Inspection | D6: Unloading & Inspection | E6: MULTIVISTA + LGB | F6: I1 | G6: 46261 | H6: 46261 | I6: =$H6-$G6+1 -> 1 | J6: 46261 | K6: 46261 | L6: =IF(AND($J6<>"",$K6<>""),$K6-$J6+1,"") -> 1 | M6: 1 | N6: Closed | O6: =IF($N6="Closed",IF($K6>$H6,$K6-$H6,0),IF(TODAY()>$H6,TODAY()-$H6,0)) -> 0 | P6: Check for transit damage
A7: 3 | B7: I3 | C7: Mechanical & Robot Installation | D7: Machine Positioning & Alignment | E7: MULTIVISTA | F7: I2 | G7: 46267 | H7: 46267 | I7: =$H7-$G7+1 -> 1 | J7: 46267 | K7: 46267 | L7: =IF(AND($J7<>"",$K7<>""),$K7-$J7+1,"") -> 1 | M7: 1 | N7: Closed | O7: =IF($N7="Closed",IF($K7>$H7,$K7-$H7,0),IF(TODAY()>$H7,TODAY()-$H7,0)) -> 0 | P7: As per approved layout
A8: 4 | B8: I4 | C8: Mechanical & Robot Installation | D8: Conveyor and Lifter Installation & Leveling | E8: MULTIVISTA | F8: I3 | G8: 46268 | H8: 46268 | I8: =$H8-$G8+1 -> 1 | L8: =IF(AND($J8<>"",$K8<>""),$K8-$J8+1,"") | N8: In Progress | O8: =IF($N8="Closed",IF($K8>$H8,$K8-$H8,0),IF(TODAY()>$H8,TODAY()-$H8,0)) -> 4 | P8: Alignment and leveling
A9: 5 | B9: I5 | C9: Mechanical & Robot Installation | D9: Cobot Pedestal Installation | E9: MULTIVISTA | F9: I3 | G9: 46269 | H9: 46269 | I9: =$H9-$G9+1 -> 1 | L9: =IF(AND($J9<>"",$K9<>""),$K9-$J9+1,"") | N9: In Progress | O9: =IF($N9="Closed",IF($K9>$H9,$K9-$H9,0),IF(TODAY()>$H9,TODAY()-$H9,0)) -> 3 | P9: Anchor and level
A10: 6 | B10: I6 | C10: Mechanical & Robot Installation | D10: Cobot Installation | E10: MULTIVISTA | F10: I5 | G10: 46270 | H10: 46270 | I10: =$H10-$G10+1 -> 1 | L10: =IF(AND($J10<>"",$K10<>""),$K10-$J10+1,"") | N10: In Progress | O10: =IF($N10="Closed",IF($K10>$H10,$K10-$H10,0),IF(TODAY()>$H10,TODAY()-$H10,0)) -> 2 | P10: Robot mounting
A11: 7 | B11: I7 | C11: Mechanical & Robot Installation | D11: Gripper Installation | E11: MULTIVISTA | F11: I6 | G11: 46271 | H11: 46271 | I11: =$H11-$G11+1 -> 1 | L11: =IF(AND($J11<>"",$K11<>""),$K11-$J11+1,"") | N11: In Progress | O11: =IF($N11="Closed",IF($K11>$H11,$K11-$H11,0),IF(TODAY()>$H11,TODAY()-$H11,0)) -> 1 | P11: Mechanical & pneumatic connections
A12: 8 | B12: I8 | C12: Mechanical & Robot Installation | D12: Pneumatic Line Installation | E12: MULTIVISTA | F12: I4 | G12: 46272 | H12: 46272 | I12: =$H12-$G12+1 -> 1 | L12: =IF(AND($J12<>"",$K12<>""),$K12-$J12+1,"") | N12: In Progress | O12: =IF($N12="Closed",IF($K12>$H12,$K12-$H12,0),IF(TODAY()>$H12,TODAY()-$H12,0)) -> 0 | P12: FRL, tubing, valves
A13: 9 | B13: I9 | C13: Electrical & Panel Works | D13: Control Panel Installation | E13: MULTIVISTA | F13: I2 | G13: 46273 | H13: 46273 | I13: =$H13-$G13+1 -> 1 | L13: =IF(AND($J13<>"",$K13<>""),$K13-$J13+1,"") | N13: In Progress | O13: =IF($N13="Closed",IF($K13>$H13,$K13-$H13,0),IF(TODAY()>$H13,TODAY()-$H13,0)) -> 0 | P13: Panel mounting
A14: 10 | B14: I10 | C14: Electrical & Panel Works | D14: Electrical Wiring & Cable Dressing | E14: MULTIVISTA | F14: I9 | G14: 46274 | H14: 46274 | I14: =$H14-$G14+1 -> 1 | L14: =IF(AND($J14<>"",$K14<>""),$K14-$J14+1,"") | M14: 0 | N14: Not Started | O14: =IF($N14="Closed",IF($K14>$H14,$K14-$H14,0),IF(TODAY()>$H14,TODAY()-$H14,0)) -> 0 | P14: Power and I/O wiring
A15: 11 | B15: I11 | C15: Automation, Programming & Calibration | D15: PLC, HMI & Network Connections | E15: MULTIVISTA | F15: I10 | G15: 46275 | H15: 46275 | I15: =$H15-$G15+1 -> 1 | L15: =IF(AND($J15<>"",$K15<>""),$K15-$J15+1,"") | M15: 0 | N15: Not Started | O15: =IF($N15="Closed",IF($K15>$H15,$K15-$H15,0),IF(TODAY()>$H15,TODAY()-$H15,0)) -> 0 | P15: Communication setup
A16: 12 | B16: I12 | C16: Automation, Programming & Calibration | D16: Power ON & I/O Verification | E16: MULTIVISTA | F16: I11 | G16: 46276 | H16: 46276 | I16: =$H16-$G16+1 -> 1 | L16: =IF(AND($J16<>"",$K16<>""),$K16-$J16+1,"") | M16: 0 | N16: Not Started | O16: =IF($N16="Closed",IF($K16>$H16,$K16-$H16,0),IF(TODAY()>$H16,TODAY()-$H16,0)) -> 0 | P16: Sensor and actuator checks
A17: 13 | B17: I13 | C17: Automation, Programming & Calibration | D17: Robot Calibration | E17: MULTIVISTA | F17: I7,I12 | G17: 46277 | H17: 46277 | I17: =$H17-$G17+1 -> 1 | L17: =IF(AND($J17<>"",$K17<>""),$K17-$J17+1,"") | M17: 0 | N17: Not Started | O17: =IF($N17="Closed",IF($K17>$H17,$K17-$H17,0),IF(TODAY()>$H17,TODAY()-$H17,0)) -> 0 | P17: TCP and frame calibration
A18: 14 | B18: I14 | C18: Automation, Programming & Calibration | D18: PLC & Robot Program | E18: MULTIVISTA | F18: I13 | G18: 46278 | H18: 46278 | I18: =$H18-$G18+1 -> 1 | L18: =IF(AND($J18<>"",$K18<>""),$K18-$J18+1,"") | M18: 0 | N18: Not Started | O18: =IF($N18="Closed",IF($K18>$H18,$K18-$H18,0),IF(TODAY()>$H18,TODAY()-$H18,0)) -> 0
A19: 15 | B19: I15 | C19: Trials & Validation | D19: Dry Run Trial | E19: MULTIVISTA | F19: I14 | G19: 46279 | H19: 46279 | I19: =$H19-$G19+1 -> 1 | L19: =IF(AND($J19<>"",$K19<>""),$K19-$J19+1,"") | M19: 0 | N19: Not Started | O19: =IF($N19="Closed",IF($K19>$H19,$K19-$H19,0),IF(TODAY()>$H19,TODAY()-$H19,0)) -> 0 | P19: Without production parts
A20: 16 | B20: I16 | C20: Trials & Validation | D20: Production Trial | E20: Multivista + LGB | F20: I15 | G20: 46280 | H20: 46280 | I20: =$H20-$G20+1 -> 1 | L20: =IF(AND($J20<>"",$K20<>""),$K20-$J20+1,"") | M20: 0 | N20: Not Started | O20: =IF($N20="Closed",IF($K20>$H20,$K20-$H20,0),IF(TODAY()>$H20,TODAY()-$H20,0)) -> 0 | P20: Actual component validation
A21: 17 | B21: I17 | C21: Trials & Validation | D21: Cycle Time Optimization | E21: MULTIVISTA | F21: I16 | G21: 46281 | H21: 46281 | I21: =$H21-$G21+1 -> 1 | L21: =IF(AND($J21<>"",$K21<>""),$K21-$J21+1,"") | M21: 0 | N21: Not Started | O21: =IF($N21="Closed",IF($K21>$H21,$K21-$H21,0),IF(TODAY()>$H21,TODAY()-$H21,0)) -> 0 | P21: Performance tuning
A22: 18 | B22: I18 | C22: Trials & Validation | D22: Safety Validation | E22: MULTIVISTA + LGB | F22: I17 | G22: 46282 | H22: 46282 | I22: =$H22-$G22+1 -> 1 | L22: =IF(AND($J22<>"",$K22<>""),$K22-$J22+1,"") | M22: 0 | N22: Not Started | O22: =IF($N22="Closed",IF($K22>$H22,$K22-$H22,0),IF(TODAY()>$H22,TODAY()-$H22,0)) -> 0 | P22: Safety interlocks and E-stop testing
A23: 19 | B23: I19 | C23: Training & Handover | D23: Operator & Maintenance Training | E23: MULTIVISTA | F23: I18 | G23: 46283 | H23: 46283 | I23: =$H23-$G23+1 -> 1 | L23: =IF(AND($J23<>"",$K23<>""),$K23-$J23+1,"") | M23: 0 | N23: Not Started | O23: =IF($N23="Closed",IF($K23>$H23,$K23-$H23,0),IF(TODAY()>$H23,TODAY()-$H23,0)) -> 0 | P23: Customer training
A24: 20 | B24: I20 | C24: Training & Handover | D24: Site Acceptance Test (SAT) & Handover | E24: MULTIVISTA + LGB | F24: I19 | G24: 46284 | H24: 46284 | I24: =$H24-$G24+1 -> 1 | L24: =IF(AND($J24<>"",$K24<>""),$K24-$J24+1,"") | M24: 0 | N24: Not Started | O24: =IF($N24="Closed",IF($K24>$H24,$K24-$H24,0),IF(TODAY()>$H24,TODAY()-$H24,0)) -> 0 | P24: Final approval
A26: Legend: | D26: Planned Duration | F26: Actual / Completed | I26: Delayed / Overdue | L26: Weekend | O26: Today
A28: Instructions for site team: fill in 'Actual Start', 'Actual End', '% Complete' and 'Status' daily as work progresses (blue text = editable). 'Delay (Days)' and the Gantt bars update automatically. Predecessor codes refer to Task ID (e.g. I3 = Task 3).

Sheet Material Receiving Tracker
A2: NECESSARY COMPONENTS FOR COMMISSIONING – MATERIAL RECEIVING TRACKER
A3: Tracks every major equipment/component required at site for installation & commissioning, from vendor dispatch to receipt & inspection.
A4: S.No | B4: Component / Item | C4: Specification / Model | D4: Qty | E4: Supplier / Vendor | F4: Expected Dispatch Date | G4: Expected Receipt at Site | H4: Actual Receipt Date | I4: Received Qty | J4: Inspection Status | K4: Remarks
A5: 1 | B5: Cobot – Universal Robots UR12e | C5: UR12e, 12.5 kg payload | D5: 4 Nos | E5: Universal Robots (OEM) | F5: 46183 | G5: 46195 | J5: Pending
A6: 2 | B6: Robot Gripper Set | C6: PZN-plus 40-AS / PGN-plus-P 80-1-AS-SD | D6: 4 Sets | E6: Schunk (OEM) via MULTIVISTA | F6: 46183 | G6: 46195 | J6: Pending
A7: 3 | B7: Input Table System (OP10) | C7: As per approved design | D7: 1 No | E7: MULTIVISTA | F7: 46183 | G7: 46195 | J7: Pending
A8: 4 | B8: Belt Conveyor (OP10) | C8: As per approved design | D8: 1 No | E8: MULTIVISTA | F8: 46183 | G8: 46195 | J8: Pending
A9: 5 | B9: Roller Transfer Plate (UWM) | C9: As per approved design | D9: 1 No | E9: MULTIVISTA | F9: 46183 | G9: 46195 | J9: Pending
A10: 6 | B10: Lifting Roller Table (UWM) | C10: As per approved design | D10: 1 No | E10: MULTIVISTA | F10: 46183 | G10: 46195 | J10: Pending
A11: 7 | B11: Edge Belt Conveyor (UWM) | C11: As per approved design | D11: 1 No | E11: MULTIVISTA | F11: 46183 | G11: 46195 | J11: Pending
A12: 8 | B12: Powered Roller Conveyor with Oil Collecting Tray (OWM) | C12: As per approved design | D12: 1 No | E12: MULTIVISTA | F12: 46183 | G12: 46195 | J12: Pending
A13: 9 | B13: Cobot Pedestal Stand & Fabrication Items | C13: As per approved design | D13: 2 Sets + misc. | E13: MULTIVISTA | F13: 46183 | G13: 46195 | J13: Pending
A14: 10 | B14: PLC & HMI | C14: Make/model as per BOQ | D14: 1 Set | E14: MULTIVISTA | F14: 46183 | G14: 46195 | J14: Pending
A15: 11 | B15: Sensors & Control Panel Items | C15: As per BOQ | D15: 1 Lot | E15: MULTIVISTA | F15: 46183 | G15: 46195 | J15: Pending
A16: 12 | B16: Pneumatic Items (FRL, tubing, valves, cylinders) | C16: As per BOQ | D16: 1 Lot | E16: MULTIVISTA | F16: 46183 | G16: 46195 | J16: Pending
A18: Note: item list and quantities are based on the vendor's procurement plan (bulk single-truck delivery). Update Specification/Model, Qty and Vendor fields as per the final approved BOQ / packing list, and confirm each line on physical receipt & inspection at site.

Sheet Daily Progress Log
A2: DAILY WORK PROGRESS TRACKING – VENDOR SITE ACTIVITY LOG
A3: To be filled by site-in-charge every working day, cross-checking against the Installation Gantt schedule.
A4: S.No | B4: Date | C4: Day | D4: Activities Worked On (Task ID / Description) | E4: Vendor Team Present | F4: Man- power | G4: Overall % Complete | H4: Work Done Today / Progress Update | I4: Issues / Delays Faced | J4: Corrective Action | K4: Reported By (Vendor) | L4: Verified By (Customer)
A5: 1 | B5: 46261 | C5: =TEXT(B5,"ddd") -> Thu | D5: Material Inward and Unload | E5: -
A6: 2 | B6: 46262 | C6: =TEXT(B6,"ddd") -> Fri | D6: - | E6: -
A7: 3 | B7: 46263 | C7: =TEXT(B7,"ddd") -> Sat | D7: - | E7: -
A8: 4 | B8: 46264 | C8: =TEXT(B8,"ddd") -> Sun | D8: - | E8: -
A9: 5 | B9: 46265 | C9: =TEXT(B9,"ddd") -> Mon | D9: - | E9: -
A10: 6 | B10: 46266 | C10: =TEXT(B10,"ddd") -> Tue | D10: - | E10: -
A11: 7 | B11: 46267 | C11: =TEXT(B11,"ddd") -> Wed | D11: Machine movement as per layout | E11: Sudharsan, Marishiva | G11: 1
A12: 8 | B12: 46268 | C12: =TEXT(B12,"ddd") -> Thu
A13: 9 | B13: 46269 | C13: =TEXT(B13,"ddd") -> Fri
A14: 10 | B14: 46270 | C14: =TEXT(B14,"ddd") -> Sat
A15: 11 | B15: 46271 | C15: =TEXT(B15,"ddd") -> Sun
A16: 12 | B16: 46272 | C16: =TEXT(B16,"ddd") -> Mon
A17: 13 | B17: 46273 | C17: =TEXT(B17,"ddd") -> Tue
A18: 14 | B18: 46274 | C18: =TEXT(B18,"ddd") -> Wed
A19: 15 | B19: 46275 | C19: =TEXT(B19,"ddd") -> Thu
A20: 16 | B20: 46276 | C20: =TEXT(B20,"ddd") -> Fri
A21: 17 | B21: 46277 | C21: =TEXT(B21,"ddd") -> Sat
A22: 18 | B22: 46278 | C22: =TEXT(B22,"ddd") -> Sun
A23: 19 | B23: 46279 | C23: =TEXT(B23,"ddd") -> Mon
... A82: 78 | B82: 46338 | C82: =TEXT(B82,"ddd") -> Thu
A84: Note: rows are pre-dated from the planned installation-start date through today, so the delay period is also captured. Add further rows below (copy row formatting) as the project continues.

Sheet Punch List
A2: PUNCH LIST / OPEN ISSUES TRACKER
A3: Snags, pending items and open issues raised during installation & commissioning, tracked to closure.
A4: S.No | B4: Date Raised | C4: Area / Task | D4: Issue Description | E4: Raised By | F4: Responsibility | G4: Target Closure Date | H4: Status | I4: Actual Closure Date | J4: Remarks
A5: 1
A6: 2
A7: 3
A8: 4
A9: 5
A10: 6
A11: 7
A12: 8
A13: 9
A14: 10
A15: 11
A16: 12
... A44: 40
